event_name,event_url,event_date,location
UFC 327: Prochazka vs. Ulberg,http://www.ufcstats.com/event-details/f3eb664db7fb1df3,,
UFC Fight Night: Moicano vs. Duncan,http://www.ufcstats.com/event-details/9a70f67ad2187fa3,,
UFC Fight Night: Adesanya vs. Pyfer,http://www.ufcstats.com/event-details/5c38639f860a5542,,
UFC Fight Night: Evloev vs. Murphy,http://www.ufcstats.com/event-details/69108cb8b32efe04,,
UFC Fight Night: Emmett vs. Vallejos,http://www.ufcstats.com/event-details/babc6b5745335f18,,
UFC 326: Holloway vs. Oliveira 2,http://www.ufcstats.com/event-details/15ec018d144710db,,
UFC Fight Night: Moreno vs. Kavanagh,http://www.ufcstats.com/event-details/0cfbbfa0ba6d9855,,
UFC Fight Night: Strickland vs. Hernandez,http://www.ufcstats.com/event-details/79ab17db3b40831a,,
UFC Fight Night: Bautista vs. Oliveira,http://www.ufcstats.com/event-details/c337c3c85b1871e0,,
UFC 325: Volkanovski vs. Lopes 2,http://www.ufcstats.com/event-details/30ad2050273d016a,,
UFC 324: Gaethje vs. Pimblett,http://www.ufcstats.com/event-details/00e11b5c8b7bfeeb,,
UFC Fight Night: Royval vs. Kape,http://www.ufcstats.com/event-details/bc0f994de0521926,,
UFC 323: Dvalishvili vs. Yan 2,http://www.ufcstats.com/event-details/bd92cf5da5413d2a,,
UFC Fight Night: Tsarukyan vs. Hooker,http://www.ufcstats.com/event-details/92c96df8bdab5fea,,
UFC 322: Della Maddalena vs. Makhachev,http://www.ufcstats.com/event-details/8db1b36dde268ef6,,
UFC Fight Night: Bonfim vs. Brown,http://www.ufcstats.com/event-details/6436029b50a9c255,,
UFC Fight Night: Garcia vs. Onama,http://www.ufcstats.com/event-details/0e2c2daf11b5d8f2,,
UFC 321: Aspinall vs. Gane,http://www.ufcstats.com/event-details/7956f026e2672c47,,
UFC Fight Night: De Ridder vs. Allen,http://www.ufcstats.com/event-details/38e5d9dcb0fddc42,,
UFC Fight Night: Oliveira vs. Gamrot,http://www.ufcstats.com/event-details/9336e86cfd4ceaa1,,
UFC 320: Ankalaev vs. Pereira 2,http://www.ufcstats.com/event-details/8944a0f9b2f0ce6d,,
UFC Fight Night: Ulberg vs. Reyes,http://www.ufcstats.com/event-details/ed220e87bef0cc64,,
UFC Fight Night: Lopes vs. Silva,http://www.ufcstats.com/event-details/5efaaf313b652dd7,,
UFC Fight Night: Imavov vs. Borralho,http://www.ufcstats.com/event-details/6e380a4d73ab4f0e,,
UFC Fight Night: Walker vs. Zhang,http://www.ufcstats.com/event-details/754968e325d6f60d,,
UFC - Road to UFC 4.6,http://www.ufcstats.com/event-details/8fbcd82bf7f352bf,,
UFC 319: Du Plessis vs. Chimaev,http://www.ufcstats.com/event-details/421ccfc6ddb17958,,
UFC Fight Night: Dolidze vs. Hernandez,http://www.ufcstats.com/event-details/6cd3dfc54f01287f,,
UFC Fight Night: Taira vs. Park,http://www.ufcstats.com/event-details/f2c934689243fe4e,,
UFC Fight Night: Whittaker vs. De Ridder,http://www.ufcstats.com/event-details/28d8638ea0a71908,,
UFC 318: Holloway vs. Poirier 3,http://www.ufcstats.com/event-details/b8e2f10efb6eca85,,
UFC Fight Night: Lewis vs. Teixeira,http://www.ufcstats.com/event-details/7b03d9df5910917d,,
UFC 317: Topuria vs. Oliveira,http://www.ufcstats.com/event-details/66766984842c13dc,,
UFC Fight Night: Hill vs. Rountree Jr.,http://www.ufcstats.com/event-details/400c7b43c86d27d3,,
UFC Fight Night: Usman vs. Buckley,http://www.ufcstats.com/event-details/de277a4abcfeea46,,
UFC 316: Dvalishvili vs. O'Malley 2,http://www.ufcstats.com/event-details/18c49685296c60e6,,
UFC Fight Night: Blanchfield vs. Barber,http://www.ufcstats.com/event-details/2a898bf9fb7710b3,,
UFC Fight Night: Burns vs. Morales,http://www.ufcstats.com/event-details/8ad022dd81224f61,,
UFC 315: Muhammad vs. Della Maddalena,http://www.ufcstats.com/event-details/118463dd8db16e7f,,
UFC Fight Night: Sandhagen vs. Figueiredo,http://www.ufcstats.com/event-details/de20ffb3fc2e7629,,
UFC Fight Night: Machado Garry vs. Prates,http://www.ufcstats.com/event-details/b2e3aca4cd363477,,
UFC 314: Volkanovski vs. Lopes,http://www.ufcstats.com/event-details/22f4b6cb6b1bd7fd,,
UFC Fight Night: Emmett vs. Murphy,http://www.ufcstats.com/event-details/86b30a86664cb6e4,,
UFC Fight Night: Moreno vs. Erceg,http://www.ufcstats.com/event-details/0f7210aa8d61af8d,,
UFC Fight Night: Edwards vs. Brady,http://www.ufcstats.com/event-details/cc2ad11b1f9d818b,,
UFC Fight Night: Vettori vs. Dolidze 2,http://www.ufcstats.com/event-details/39f62b833e4cf126,,
UFC 313: Pereira vs. Ankalaev,http://www.ufcstats.com/event-details/ca936c67687789e9,,
UFC Fight Night: Kape vs. Almabayev,http://www.ufcstats.com/event-details/9766ed20b68c7c33,,
UFC Fight Night: Cejudo vs. Song,http://www.ufcstats.com/event-details/c50ea21fe9ef478d,,
UFC Fight Night: Cannonier vs. Rodrigues,http://www.ufcstats.com/event-details/ce7871949b0ed2bf,,
UFC 312: Du Plessis vs. Strickland 2,http://www.ufcstats.com/event-details/e6015889f50075d2,,
UFC Fight Night: Adesanya vs. Imavov,http://www.ufcstats.com/event-details/80dbeb1dd5b53e64,,
UFC 311: Makhachev vs. Moicano,http://www.ufcstats.com/event-details/39f68882def7a507,,
UFC Fight Night: Dern vs. Ribas 2,http://www.ufcstats.com/event-details/81ddc98fceb30086,,
UFC Fight Night: Covington vs. Buckley,http://www.ufcstats.com/event-details/72c9c2eadfc3277e,,
UFC 310: Pantoja vs. Asakura,http://www.ufcstats.com/event-details/ad23903ef3af7406,,
UFC Fight Night: Yan vs. Figueiredo,http://www.ufcstats.com/event-details/e955046551f8c7dd,,
UFC 309: Jones vs. Miocic,http://www.ufcstats.com/event-details/daff32bc96d1eabf,,
UFC Fight Night: Magny vs. Prates,http://www.ufcstats.com/event-details/585f9ffdb0cd0466,,
UFC Fight Night: Moreno vs. Albazi,http://www.ufcstats.com/event-details/3ab0df1ddd5f1dc2,,
UFC 308: Topuria vs. Holloway,http://www.ufcstats.com/event-details/221b2a3070c7ce3e,,
UFC Fight Night: Hernandez vs. Pereira,http://www.ufcstats.com/event-details/6a0047ac8c99fece,,
UFC Fight Night: Royval vs. Taira,http://www.ufcstats.com/event-details/5bdcbd8dd681a257,,
UFC 307: Pereira vs. Rountree Jr.,http://www.ufcstats.com/event-details/eee8efec7b951d84,,
UFC Fight Night: Moicano vs. Saint Denis,http://www.ufcstats.com/event-details/079488710f012779,,
UFC 306: Riyadh Season Noche UFC,http://www.ufcstats.com/event-details/0c01568b1ac77bff,,
UFC Fight Night: Burns vs. Brady,http://www.ufcstats.com/event-details/ee0b69e307c857e5,,
UFC Fight Night: Cannonier vs. Borralho,http://www.ufcstats.com/event-details/be8ad887e4d674b0,,
UFC 305: Du Plessis vs. Adesanya,http://www.ufcstats.com/event-details/32ba186f4b0e3267,,
UFC Fight Night: Tybura vs. Spivac 2,http://www.ufcstats.com/event-details/2c733e059462c1dc,,
UFC Fight Night: Sandhagen vs. Nurmagomedov,http://www.ufcstats.com/event-details/fe435e440b5de0ff,,
UFC 304: Edwards vs. Muhammad 2,http://www.ufcstats.com/event-details/026b4f7049085842,,
UFC Fight Night: Lemos vs. Jandiroba,http://www.ufcstats.com/event-details/c11036da9162cb5f,,
UFC Fight Night: Namajunas vs. Cortez,http://www.ufcstats.com/event-details/66e0a70352fef46a,,
UFC 303: Pereira vs. Prochazka 2,http://www.ufcstats.com/event-details/f3743d8ef5dde970,,
UFC Fight Night: Whittaker vs. Aliskerov,http://www.ufcstats.com/event-details/b12a1d19ee383b7c,,
UFC Fight Night: Perez vs. Taira,http://www.ufcstats.com/event-details/9c5828c6fd9dc948,,
UFC Fight Night: Cannonier vs. Imavov,http://www.ufcstats.com/event-details/cba3a2dfbc06ce79,,
UFC 302: Makhachev vs. Poirier,http://www.ufcstats.com/event-details/6e4acc2c115215b5,,
UFC Fight Night: Barboza vs. Murphy,http://www.ufcstats.com/event-details/46baf0f57edfa4df,,
UFC Fight Night: Lewis vs. Nascimento,http://www.ufcstats.com/event-details/5dfe71ade71f3a4b,,
UFC 301: Pantoja vs. Erceg,http://www.ufcstats.com/event-details/981ab7a0576f76a0,,
UFC Fight Night: Nicolau vs. Perez,http://www.ufcstats.com/event-details/a16ce18149021139,,
UFC 300: Pereira vs. Hill,http://www.ufcstats.com/event-details/6750e338922a099d,,
UFC Fight Night: Allen vs. Curtis 2,http://www.ufcstats.com/event-details/899eaba48fa864a6,,
UFC Fight Night: Blanchfield vs. Fiorot,http://www.ufcstats.com/event-details/dba230fe33011201,,
UFC Fight Night: Ribas vs. Namajunas,http://www.ufcstats.com/event-details/79ff6545b0abc685,,
UFC Fight Night: Tuivasa vs. Tybura,http://www.ufcstats.com/event-details/c398235fcaf8d71d,,
UFC 299: O'Malley vs. Vera 2,http://www.ufcstats.com/event-details/a9df5ae20a97b090,,
UFC Fight Night: Rozenstruik vs. Gaziev,http://www.ufcstats.com/event-details/e4a9dbade7c7e1a7,,
UFC Fight Night: Moreno vs. Royval 2,http://www.ufcstats.com/event-details/902ab9197b83d0db,,
UFC 298: Volkanovski vs. Topuria,http://www.ufcstats.com/event-details/dab0e6cb8c932162,,
UFC Fight Night: Hermansson vs. Pyfer,http://www.ufcstats.com/event-details/eaea0fc7b76525a8,,
UFC Fight Night: Dolidze vs. Imavov,http://www.ufcstats.com/event-details/cce79e827569f26e,,
UFC 297: Strickland vs. Du Plessis,http://www.ufcstats.com/event-details/bd85ca0bb4f26cfc,,
UFC Fight Night: Ankalaev vs. Walker 2,http://www.ufcstats.com/event-details/010986ee359fb863,,
UFC 296: Edwards vs. Covington,http://www.ufcstats.com/event-details/a8e8587a06e73c87,,
UFC Fight Night: Song vs. Gutierrez,http://www.ufcstats.com/event-details/5ef0088c1b19beeb,,
UFC Fight Night: Dariush vs. Tsarukyan,http://www.ufcstats.com/event-details/53e4e21f4c688801,,
UFC Fight Night: Allen vs. Craig,http://www.ufcstats.com/event-details/3feed7d02711d8b7,,
UFC 295: Prochazka vs. Pereira,http://www.ufcstats.com/event-details/5a558ba1ff5e9121,,
UFC Fight Night: Almeida vs. Lewis,http://www.ufcstats.com/event-details/7c4ec656d8fcb867,,
UFC 294: Makhachev vs. Volkanovski 2,http://www.ufcstats.com/event-details/13a0fb8fbdafb54f,,
UFC Fight Night: Yusuff vs. Barboza,http://www.ufcstats.com/event-details/f3a078277b3b8ff4,,
UFC Fight Night: Dawson vs. Green,http://www.ufcstats.com/event-details/c8a49ff2acb6f3c5,,
UFC Fight Night: Fiziev vs. Gamrot,http://www.ufcstats.com/event-details/c945adc22c2bfe8f,,
UFC Fight Night: Grasso vs. Shevchenko 2,http://www.ufcstats.com/event-details/8fa2b06572365321,,
UFC 293: Adesanya vs. Strickland,http://www.ufcstats.com/event-details/ece280745f8727b8,,
UFC Fight Night: Gane vs. Spivac,http://www.ufcstats.com/event-details/ef61d9f5176b3200,,
UFC Fight Night: Holloway vs. The Korean Zombie,http://www.ufcstats.com/event-details/89a407032911e27e,,
UFC 292: Sterling vs. O'Malley,http://www.ufcstats.com/event-details/2719f300b0439039,,
UFC Fight Night: Luque vs. Dos Anjos,http://www.ufcstats.com/event-details/d2fa318f34d0aadc,,
UFC Fight Night: Sandhagen vs. Font,http://www.ufcstats.com/event-details/6f81b6de2557739a,,
UFC 291: Poirier vs. Gaethje 2,http://www.ufcstats.com/event-details/ccd58ff71e260ed5,,
UFC Fight Night: Aspinall vs. Tybura,http://www.ufcstats.com/event-details/1174782eacde9b0c,,
UFC Fight Night: Holm vs. Bueno Silva,http://www.ufcstats.com/event-details/c9885b1b7c7055a0,,
UFC 290: Volkanovski vs. Rodriguez,http://www.ufcstats.com/event-details/6085ceb59087514b,,
UFC Fight Night: Strickland vs. Magomedov,http://www.ufcstats.com/event-details/e9e1acc96536bb4f,,
UFC Fight Night: Emmett vs. Topuria,http://www.ufcstats.com/event-details/a780d16cf7eed44d,,
UFC Fight Night: Vettori vs. Cannonier,http://www.ufcstats.com/event-details/b9415726dc3ec526,,
UFC 289: Nunes vs. Aldana,http://www.ufcstats.com/event-details/b6c6d1731ff00eeb,,
UFC Fight Night: Kara-France vs. Albazi,http://www.ufcstats.com/event-details/7abe471b61725980,,
UFC Fight Night: Dern vs. Hill,http://www.ufcstats.com/event-details/6f812143641ceff8,,
UFC Fight Night: Rozenstruik vs. Almeida,http://www.ufcstats.com/event-details/901cddcbfa079097,,
UFC 288: Sterling vs. Cejudo,http://www.ufcstats.com/event-details/3c6976f8182d9527,,
UFC Fight Night: Song vs. Simon,http://www.ufcstats.com/event-details/51b1e2fd9872005b,,
UFC Fight Night: Pavlovich vs. Blaydes,http://www.ufcstats.com/event-details/6fb1ba67bef41b37,,
UFC Fight Night: Holloway vs. Allen,http://www.ufcstats.com/event-details/15b1b21cd743d652,,
UFC 287: Pereira vs. Adesanya 2,http://www.ufcstats.com/event-details/3dc3022232b79c7a,,
UFC Fight Night: Vera vs. Sandhagen,http://www.ufcstats.com/event-details/aec273fcb765330d,,
UFC 286: Edwards vs. Usman 3,http://www.ufcstats.com/event-details/e4bb7e483c4ad318,,
UFC Fight Night: Yan vs. Dvalishvili,http://www.ufcstats.com/event-details/35080a7f406f9ab3,,
UFC 285: Jones vs. Gane,http://www.ufcstats.com/event-details/1ccff7f0cfdf85eb,,
UFC Fight Night: Muniz vs. Allen,http://www.ufcstats.com/event-details/806975e1b4f47b27,,
UFC Fight Night: Andrade vs. Blanchfield,http://www.ufcstats.com/event-details/f21a3d68fb9df387,,
UFC 284: Makhachev vs. Volkanovski,http://www.ufcstats.com/event-details/01dd4cdc2446f665,,
UFC Fight Night: Lewis vs. Spivac,http://www.ufcstats.com/event-details/d26394fc0e8e880a,,
UFC 283: Teixeira vs. Hill,http://www.ufcstats.com/event-details/5717efc6f271cd52,,
UFC Fight Night: Strickland vs. Imavov,http://www.ufcstats.com/event-details/2e2cdb6e9eb84bb9,,
UFC Fight Night: Cannonier vs. Strickland,http://www.ufcstats.com/event-details/56ec58954158966a,,
UFC 282: Blachowicz vs. Ankalaev,http://www.ufcstats.com/event-details/f65a0eb902f9476b,,
UFC Fight Night: Thompson vs. Holland,http://www.ufcstats.com/event-details/b23388ff8ac6637b,,
UFC Fight Night: Nzechukwu vs. Cutelaba,http://www.ufcstats.com/event-details/012fc7cd0779c09a,,
UFC 281: Adesanya vs. Pereira,http://www.ufcstats.com/event-details/b3b6e80b7d5f8f0d,,
UFC Fight Night: Rodriguez vs. Lemos,http://www.ufcstats.com/event-details/756f45905fb20cb5,,
UFC Fight Night: Kattar vs. Allen,http://www.ufcstats.com/event-details/be5aab761c40ef35,,
UFC 280: Oliveira vs. Makhachev,http://www.ufcstats.com/event-details/885e7f70dcac0007,,
UFC Fight Night: Grasso vs. Araujo,http://www.ufcstats.com/event-details/49c29e57d4e2be6f,,
UFC Fight Night: Dern vs. Yan,http://www.ufcstats.com/event-details/4f670b7972fa0a2e,,
UFC Fight Night: Sandhagen vs. Song,http://www.ufcstats.com/event-details/8d477c3fbe001f9d,,
UFC 279: Diaz vs. Ferguson,http://www.ufcstats.com/event-details/93bf96be327fcd98,,
UFC Fight Night: Gane vs. Tuivasa,http://www.ufcstats.com/event-details/00a905a4a4a2b071,,
UFC 278: Usman vs. Edwards,http://www.ufcstats.com/event-details/4f853e98886283cf,,
UFC Fight Night: Vera vs. Cruz,http://www.ufcstats.com/event-details/a23e63184c65f5b8,,
UFC Fight Night: Santos vs. Hill,http://www.ufcstats.com/event-details/8f6a18831a120817,,
UFC 277: Pena vs. Nunes 2,http://www.ufcstats.com/event-details/b0a6124751a56bc4,,
UFC Fight Night: Blaydes vs. Aspinall,http://www.ufcstats.com/event-details/319c15b8aac5bfde,,
UFC Fight Night: Ortega vs. Rodriguez,http://www.ufcstats.com/event-details/8fd76e1b49c00ae2,,
UFC Fight Night: Dos Anjos vs. Fiziev,http://www.ufcstats.com/event-details/31da66df48c0c1a0,,
UFC 276: Adesanya vs. Cannonier,http://www.ufcstats.com/event-details/4a9e305633f3ef47,,
UFC Fight Night: Tsarukyan vs. Gamrot,http://www.ufcstats.com/event-details/eb42d4febfafefd1,,
UFC Fight Night: Kattar vs. Emmett,http://www.ufcstats.com/event-details/a0a680fe2f6cc8e6,,
UFC 275: Teixeira vs. Prochazka,http://www.ufcstats.com/event-details/3a24769a4855040a,,
UFC Fight Night: Volkov vs. Rozenstruik,http://www.ufcstats.com/event-details/57591bbf1623574e,,
UFC Fight Night: Holm vs. Vieira,http://www.ufcstats.com/event-details/a6c32678efd4f434,,
UFC Fight Night: Blachowicz vs. Rakic,http://www.ufcstats.com/event-details/60ba33c3f555a7a3,,
UFC 274: Oliveira vs. Gaethje,http://www.ufcstats.com/event-details/253d3f9e97ca149a,,
UFC Fight Night: Font vs. Vera,http://www.ufcstats.com/event-details/6bf5a7d3e081ade2,,
UFC Fight Night: Lemos vs. Andrade,http://www.ufcstats.com/event-details/236a37d96d476164,,
UFC Fight Night: Luque vs. Muhammad,http://www.ufcstats.com/event-details/8753e125f4499816,,
UFC 273: Volkanovski vs. The Korean Zombie,http://www.ufcstats.com/event-details/3a97fda0de6f1fa4,,
UFC Fight Night: Blaydes vs. Daukaus,http://www.ufcstats.com/event-details/1fac46d466abd5b8,,
UFC Fight Night: Volkov vs. Aspinall,http://www.ufcstats.com/event-details/1d00756835ca67c9,,
UFC Fight Night: Santos vs. Ankalaev,http://www.ufcstats.com/event-details/1f9344211ca7fd60,,
UFC 272: Covington vs. Masvidal,http://www.ufcstats.com/event-details/75e0d3cc2262b732,,
UFC Fight Night: Makhachev vs. Green,http://www.ufcstats.com/event-details/f6a7b02c42e9fc5b,,
UFC Fight Night: Walker vs. Hill,http://www.ufcstats.com/event-details/77940e45bc86208e,,
UFC 271: Adesanya vs. Whittaker 2,http://www.ufcstats.com/event-details/cbb682f5fcc44bfc,,
UFC Fight Night: Hermansson vs. Strickland,http://www.ufcstats.com/event-details/883922e5cd6d8473,,
UFC 270: Ngannou vs. Gane,http://www.ufcstats.com/event-details/335ad945324c3a2e,,
UFC Fight Night: Kattar vs. Chikadze,http://www.ufcstats.com/event-details/f5585e675af7afd4,,
UFC Fight Night: Lewis vs. Daukaus,http://www.ufcstats.com/event-details/2a470ad41c22c25a,,
UFC 269: Oliveira vs. Poirier,http://www.ufcstats.com/event-details/ef927e4fe2117ab8,,
UFC Fight Night: Font vs. Aldo,http://www.ufcstats.com/event-details/509697e08673d2e5,,
UFC Fight Night: Vieira vs. Tate,http://www.ufcstats.com/event-details/c95fbc085e17a532,,
UFC Fight Night: Holloway vs. Rodriguez,http://www.ufcstats.com/event-details/b5abaa65f87938eb,,
UFC 268: Usman vs. Covington 2,http://www.ufcstats.com/event-details/48e093ea1f43a053,,
UFC 267: Blachowicz vs. Teixeira,http://www.ufcstats.com/event-details/3974fa35c917af1d,,
UFC Fight Night: Costa vs. Vettori,http://www.ufcstats.com/event-details/8a9c6c4301f6d088,,
UFC Fight Night: Ladd vs. Dumont,http://www.ufcstats.com/event-details/8f4616698508f24d,,
UFC Fight Night: Dern vs. Rodriguez,http://www.ufcstats.com/event-details/d247691a6c0e9034,,
UFC Fight Night: Santos vs. Walker,http://www.ufcstats.com/event-details/e15d0a2519d6a0b5,,
UFC 266: Volkanovski vs. Ortega,http://www.ufcstats.com/event-details/0eec866a077889f0,,
UFC Fight Night: Smith vs. Spann,http://www.ufcstats.com/event-details/4c27ca8c8481f79a,,
UFC Fight Night: Brunson vs. Till,http://www.ufcstats.com/event-details/b9532d815060de7f,,
UFC Fight Night: Barboza vs. Chikadze,http://www.ufcstats.com/event-details/0db9d2486d564a3c,,
UFC Fight Night: Cannonier vs. Gastelum,http://www.ufcstats.com/event-details/2f13e4020cea5b38,,
UFC 265: Lewis vs. Gane,http://www.ufcstats.com/event-details/972197a8c61ac413,,
UFC Fight Night: Hall vs. Strickland,http://www.ufcstats.com/event-details/320edfb0332b7073,,
UFC Fight Night: Sandhagen vs. Dillashaw,http://www.ufcstats.com/event-details/e57f0b06ea39e360,,
UFC Fight Night: Makhachev vs. Moises,http://www.ufcstats.com/event-details/40389d39a92f5bfa,,
UFC 264: Poirier vs. McGregor 3,http://www.ufcstats.com/event-details/8a0be41c0380188d,,
UFC Fight Night: Gane vs. Volkov,http://www.ufcstats.com/event-details/a1d6b308781aa2f5,,
UFC Fight Night: Jung vs. Ige,http://www.ufcstats.com/event-details/9ddfb3369a3b0394,,
UFC 263: Adesanya vs. Vettori 2,http://www.ufcstats.com/event-details/0b64d0fed453ef7f,,
UFC Fight Night: Rozenstruik vs. Sakai,http://www.ufcstats.com/event-details/3b2485c8d5c8b580,,
UFC Fight Night: Font vs. Garbrandt,http://www.ufcstats.com/event-details/277ffed20cf07aea,,
UFC 262: Oliveira vs. Chandler,http://www.ufcstats.com/event-details/744f50016c39c26c,,
UFC Fight Night: Rodriguez vs. Waterson,http://www.ufcstats.com/event-details/58a36b4ccf5dc30e,,
UFC Fight Night: Reyes vs. Prochazka,http://www.ufcstats.com/event-details/d57e6a8971b6d2bd,,
UFC 261: Usman vs. Masvidal 2,http://www.ufcstats.com/event-details/27541033b97c076d,,
UFC Fight Night: Whittaker vs. Gastelum,http://www.ufcstats.com/event-details/4a35913bd9aa4161,,
UFC Fight Night: Vettori vs. Holland,http://www.ufcstats.com/event-details/9114c8ded5ccd71d,,
UFC 260: Miocic vs. Ngannou,http://www.ufcstats.com/event-details/6597b611f1c32555,,
UFC Fight Night: Brunson vs. Holland,http://www.ufcstats.com/event-details/c36e1f4fa755ffb4,,
UFC Fight Night: Edwards vs. Muhammad,http://www.ufcstats.com/event-details/8c90c1563972e44d,,
UFC 259: Blachowicz vs. Adesanya,http://www.ufcstats.com/event-details/6e2b1d631832921d,,
UFC Fight Night: Rozenstruik vs. Gane,http://www.ufcstats.com/event-details/81b57acd6975ac06,,
UFC Fight Night: Blaydes vs. Lewis,http://www.ufcstats.com/event-details/bfe95ec546692b13,,
UFC 258: Usman vs. Burns,http://www.ufcstats.com/event-details/3f7c14c7eca7195d,,
UFC Fight Night: Overeem vs. Volkov,http://www.ufcstats.com/event-details/a1153013cb5f628f,,
UFC 257: Poirier vs. McGregor,http://www.ufcstats.com/event-details/4304992c2acc187b,,
UFC Fight Night: Chiesa vs. Magny,http://www.ufcstats.com/event-details/56116537d71a578c,,
UFC Fight Night: Holloway vs. Kattar,http://www.ufcstats.com/event-details/307064d3e0f036c2,,
UFC Fight Night: Thompson vs. Neal,http://www.ufcstats.com/event-details/e49c2db95e572dc8,,
UFC 256: Figueiredo vs. Moreno,http://www.ufcstats.com/event-details/d0d43cb9b14f231c,,
UFC Fight Night: Hermansson vs. Vettori,http://www.ufcstats.com/event-details/398b440e73d55b8b,,
UFC Fight Night: Smith vs. Clark,http://www.ufcstats.com/event-details/992c82450d96f726,,
UFC 255: Figueiredo vs. Perez,http://www.ufcstats.com/event-details/bbb15f301e4a490a,,
UFC Fight Night: Felder vs. Dos Anjos,http://www.ufcstats.com/event-details/3bc27ec15facbcf3,,
UFC Fight Night: Santos vs. Teixeira,http://www.ufcstats.com/event-details/41dca66f9dadfc86,,
UFC Fight Night: Hall vs. Silva,http://www.ufcstats.com/event-details/ad044be25c94dcfd,,
UFC 254: Khabib vs. Gaethje,http://www.ufcstats.com/event-details/c3c38c86f5ab9b5c,,
UFC Fight Night: Ortega vs. The Korean Zombie,http://www.ufcstats.com/event-details/d4f364dd076bb0e2,,
UFC Fight Night: Moraes vs. Sandhagen,http://www.ufcstats.com/event-details/fd4578cac86d75ca,,
UFC Fight Night: Holm vs. Aldana,http://www.ufcstats.com/event-details/805ad1801eb26abb,,
UFC 253: Adesanya vs. Costa,http://www.ufcstats.com/event-details/e69c5ce12f4e762b,,
UFC Fight Night: Covington vs. Woodley,http://www.ufcstats.com/event-details/831b937811804dad,,
UFC Fight Night: Waterson vs. Hill,http://www.ufcstats.com/event-details/9c37681096c6f3a9,,
UFC Fight Night: Overeem vs. Sakai,http://www.ufcstats.com/event-details/542db012217ecb83,,
UFC Fight Night: Smith vs. Rakic,http://www.ufcstats.com/event-details/e29cf523ebd155c5,,
UFC Fight Night: Munhoz vs. Edgar,http://www.ufcstats.com/event-details/af1e5c64b8663aa0,,
UFC 252: Miocic vs. Cormier 3,http://www.ufcstats.com/event-details/bda04c573563cc2e,,
UFC Fight Night: Lewis vs. Oleinik,http://www.ufcstats.com/event-details/7a82635ffa9b59fe,,
UFC Fight Night: Brunson vs. Shahbazyan,http://www.ufcstats.com/event-details/3746e21bb508391a,,
UFC Fight Night: Whittaker vs. Till,http://www.ufcstats.com/event-details/dde70a112e053a6c,,
UFC Fight Night: Figueiredo vs. Benavidez 2,http://www.ufcstats.com/event-details/ddbd0d6259ce57cc,,
UFC Fight Night: Kattar vs. Ige,http://www.ufcstats.com/event-details/18f5669a92e99d92,,
UFC 251: Usman vs. Masvidal,http://www.ufcstats.com/event-details/dbd198f780286aca,,
UFC Fight Night: Poirier vs. Hooker,http://www.ufcstats.com/event-details/c32eab6c2119e989,,
UFC Fight Night: Blaydes vs. Volkov,http://www.ufcstats.com/event-details/2eab7a6c8b0ed8cc,,
UFC Fight Night: Eye vs. Calvillo,http://www.ufcstats.com/event-details/1e13936d708bcff7,,
UFC 250: Nunes vs. Spencer,http://www.ufcstats.com/event-details/4c12aa7ca246e7a4,,
UFC Fight Night: Woodley vs. Burns,http://www.ufcstats.com/event-details/14b9e0f2679a2205,,
UFC Fight Night: Overeem vs. Harris,http://www.ufcstats.com/event-details/dfb965c9824425db,,
UFC Fight Night: Smith vs. Teixeira,http://www.ufcstats.com/event-details/5f8e00c27b7e7410,,
UFC 249: Ferguson vs. Gaethje,http://www.ufcstats.com/event-details/898337ef520fe4d3,,
UFC Fight Night: Lee vs. Oliveira,http://www.ufcstats.com/event-details/53278852bcd91e11,,
UFC 248: Adesanya vs. Romero,http://www.ufcstats.com/event-details/0b5b6876c2a4723f,,
UFC Fight Night: Benavidez vs. Figueiredo,http://www.ufcstats.com/event-details/fc9a9559a05f2704,,
UFC Fight Night: Felder vs. Hooker,http://www.ufcstats.com/event-details/33b2f68ef95252e0,,
UFC Fight Night: Anderson vs. Blachowicz,http://www.ufcstats.com/event-details/5df17b3620145578,,
UFC 247: Jones vs. Reyes,http://www.ufcstats.com/event-details/b26d3e3746fb4024,,
UFC Fight Night: Blaydes vs. Dos Santos,http://www.ufcstats.com/event-details/44aa652b181bcf68,,
UFC 246: McGregor vs. Cowboy,http://www.ufcstats.com/event-details/0c1773639c795466,,
UFC Fight Night: Edgar vs. The Korean Zombie,http://www.ufcstats.com/event-details/74fefd43f073cd2f,,
UFC 245: Usman vs. Covington,http://www.ufcstats.com/event-details/4565d435005319c0,,
UFC Fight Night: Overeem vs. Rozenstruik,http://www.ufcstats.com/event-details/b09890ba7ce1d1e2,,
UFC Fight Night: Blachowicz vs. Jacare,http://www.ufcstats.com/event-details/81ca2c245b19b3c5,,
UFC Fight Night: Zabit vs. Kattar,http://www.ufcstats.com/event-details/8d5daf67983b65ba,,
UFC 244: Masvidal vs. Diaz,http://www.ufcstats.com/event-details/fd87b1bbfcde9d5e,,
UFC Fight Night: Maia vs. Askren,http://www.ufcstats.com/event-details/df05aa15b2d66f57,,
UFC Fight Night: Reyes vs. Weidman,http://www.ufcstats.com/event-details/3ae10ac4df3df05c,,
UFC Fight Night: Joanna vs. Waterson,http://www.ufcstats.com/event-details/0941df56f6ac954b,,
UFC 243: Whittaker vs. Adesanya,http://www.ufcstats.com/event-details/3cf68c1d17f66af7,,
UFC Fight Night: Hermansson vs. Cannonier,http://www.ufcstats.com/event-details/1bf49bf829964144,,
UFC Fight Night: Rodriguez vs. Stephens,http://www.ufcstats.com/event-details/94a5aaf573f780ad,,
UFC Fight Night: Cowboy vs. Gaethje,http://www.ufcstats.com/event-details/4834ff149dc9542a,,
UFC 242: Khabib vs. Poirier,http://www.ufcstats.com/event-details/a79bfbc01b2264d6,,
UFC Fight Night: Andrade vs. Zhang,http://www.ufcstats.com/event-details/2c104b7e59a72629,,
UFC 241: Cormier vs. Miocic 2,http://www.ufcstats.com/event-details/70167689d6a01793,,
UFC Fight Night: Shevchenko vs. Carmouche 2,http://www.ufcstats.com/event-details/e5d03e4d966126bd,,
UFC Fight Night: Covington vs. Lawler,http://www.ufcstats.com/event-details/03da33a102d9a45f,,
UFC 240: Holloway vs. Edgar,http://www.ufcstats.com/event-details/abcf7e55a0a9ed89,,
UFC Fight Night: Dos Anjos vs. Edwards,http://www.ufcstats.com/event-details/9e0f28d1f639ad73,,
UFC Fight Night: De Randamie vs. Ladd,http://www.ufcstats.com/event-details/2f8f3c69522db931,,
UFC 239: Jones vs. Santos,http://www.ufcstats.com/event-details/6c9383ffab2725a5,,
UFC Fight Night: Ngannou vs. Dos Santos,http://www.ufcstats.com/event-details/c0c1bc0766df4c00,,
UFC Fight Night: Moicano vs. The Korean Zombie,http://www.ufcstats.com/event-details/b16a7e6a627e9789,,
UFC 238: Cejudo vs. Moraes,http://www.ufcstats.com/event-details/e31502e3f79d00c5,,
UFC Fight Night: Gustafsson vs. Smith,http://www.ufcstats.com/event-details/cbc071cb20ea59c7,,
UFC Fight Night: Dos Anjos vs. Lee,http://www.ufcstats.com/event-details/6b8f28da9a483049,,
UFC 237: Namajunas vs. Andrade,http://www.ufcstats.com/event-details/9de7c97e1c0d7927,,
UFC Fight Night: Iaquinta vs. Cowboy,http://www.ufcstats.com/event-details/351264d11286d09a,,
UFC Fight Night: Jacare vs. Hermansson,http://www.ufcstats.com/event-details/c912f676692c353a,,
UFC Fight Night: Overeem vs. Oleinik,http://www.ufcstats.com/event-details/7dcf06c1967801c1,,
UFC 236: Holloway vs. Poirier 2,http://www.ufcstats.com/event-details/b0550072e5f0afa7,,
UFC Fight Night: Barboza vs. Gaethje,http://www.ufcstats.com/event-details/9649d75defe0dedb,,
UFC Fight Night: Thompson vs. Pettis,http://www.ufcstats.com/event-details/487c170da059857d,,
UFC Fight Night: Till vs. Masvidal,http://www.ufcstats.com/event-details/80eacd4da0617c57,,
UFC Fight Night: Lewis vs. Dos Santos,http://www.ufcstats.com/event-details/e96d8538d3f9d0ed,,
UFC 235: Jones vs. Smith,http://www.ufcstats.com/event-details/2d5fbe2103f97053,,
UFC Fight Night: Blachowicz vs. Santos,http://www.ufcstats.com/event-details/6546af7ab545b90c,,
UFC Fight Night: Ngannou vs. Velasquez,http://www.ufcstats.com/event-details/a7a79b8efbceaaac,,
UFC 234: Adesanya vs. Silva,http://www.ufcstats.com/event-details/b5882371e2a3900d,,
UFC Fight Night: Assuncao vs. Moraes 2,http://www.ufcstats.com/event-details/84283233ec42be5f,,
UFC Fight Night: Cejudo vs. Dillashaw,http://www.ufcstats.com/event-details/d4da8995fc91e7ef,,
UFC 232: Jones vs. Gustafsson 2,http://www.ufcstats.com/event-details/c046100aea0dba9a,,
UFC Fight Night: Lee vs. Iaquinta,http://www.ufcstats.com/event-details/7a703c565ccaa18f,,
UFC 231: Holloway vs. Ortega,http://www.ufcstats.com/event-details/2a74bbba57058f12,,
UFC Fight Night: Dos Santos vs. Tuivasa,http://www.ufcstats.com/event-details/d1d20e651e6cbc02,,
The Ultimate Fighter: Heavy Hitters Finale,http://www.ufcstats.com/event-details/c7ac79839e86ce33,,
UFC Fight Night: Blaydes vs. Ngannou 2,http://www.ufcstats.com/event-details/de25520d54eab12d,,
UFC Fight Night: Magny vs. Ponzinibbio,http://www.ufcstats.com/event-details/aa3153a9941b4d44,,
UFC Fight Night: Korean Zombie vs. Rodriguez,http://www.ufcstats.com/event-details/42c96a9c4802e2e1,,
UFC 230: Cormier vs. Lewis,http://www.ufcstats.com/event-details/20821819c401ced8,,
UFC Fight Night: Oezdemir vs. Smith,http://www.ufcstats.com/event-details/33a331684283900f,,
UFC 229: Khabib vs. McGregor,http://www.ufcstats.com/event-details/1ef0eae31904e534,,
UFC Fight Night: Marreta vs. Anders,http://www.ufcstats.com/event-details/852454c572675334,,
UFC Fight Night: Hunt vs. Oleinik,http://www.ufcstats.com/event-details/8d49545dadf9b919,,
UFC 228: Woodley vs. Till,http://www.ufcstats.com/event-details/d5ae8074631762fc,,
UFC Fight Night: Gaethje vs. Vick,http://www.ufcstats.com/event-details/c0342805a1948cbb,,
UFC 227: Dillashaw vs. Garbrandt 2,http://www.ufcstats.com/event-details/03b1e846b09f721d,,
UFC Fight Night: Alvarez vs. Poirier 2,http://www.ufcstats.com/event-details/322a56923b396b4d,,
UFC Fight Night: Shogun vs. Smith,http://www.ufcstats.com/event-details/4f732e58ed907eff,,
UFC Fight Night: Dos Santos vs. Ivanov,http://www.ufcstats.com/event-details/b45d6b73f4ca4467,,
UFC 226: Miocic vs. Cormier,http://www.ufcstats.com/event-details/35585d970300d45a,,
The Ultimate Fighter: Undefeated Finale,http://www.ufcstats.com/event-details/8215e4fe24e8e81b,,
UFC Fight Night: Cowboy vs. Edwards,http://www.ufcstats.com/event-details/ac5f67109accb482,,
UFC 225: Whittaker vs. Romero 2,http://www.ufcstats.com/event-details/2eae41f61776c60f,,
UFC Fight Night: Rivera vs. Moraes,http://www.ufcstats.com/event-details/d29b5c4f22c6357d,,
UFC Fight Night: Thompson vs. Till,http://www.ufcstats.com/event-details/f5990c11974d8e9c,,
UFC Fight Night: Maia vs. Usman,http://www.ufcstats.com/event-details/3144121470023e9a,,
UFC 224: Nunes vs. Pennington,http://www.ufcstats.com/event-details/67ec58d7cf599835,,
UFC Fight Night: Barboza vs. Lee,http://www.ufcstats.com/event-details/ad99fa5325519169,,
UFC Fight Night: Poirier vs. Gaethje,http://www.ufcstats.com/event-details/620be7e0712d431b,,
UFC 223: Khabib vs. Iaquinta,http://www.ufcstats.com/event-details/49e7e05f902479ca,,
UFC Fight Night: Werdum vs. Volkov,http://www.ufcstats.com/event-details/eed2b71d77d95416,,
UFC 222: Cyborg vs. Kunitskaya,http://www.ufcstats.com/event-details/7929be8290289a47,,
UFC Fight Night: Emmett vs. Stephens,http://www.ufcstats.com/event-details/daa89f01e1c0f42a,,
UFC Fight Night: Cerrone vs. Medeiros,http://www.ufcstats.com/event-details/d181689653115b6a,,
UFC 221: Romero vs. Rockhold,http://www.ufcstats.com/event-details/15515e797aedc137,,
UFC Fight Night: Machida vs. Anders,http://www.ufcstats.com/event-details/7cf20446453f852b,,
UFC Fight Night: Jacare vs. Brunson 2,http://www.ufcstats.com/event-details/602bb270f2bdbf02,,
UFC 220: Miocic vs. Ngannou,http://www.ufcstats.com/event-details/02177caefe7c07d4,,
UFC Fight Night: Stephens vs. Choi,http://www.ufcstats.com/event-details/fc1868f56d3036eb,,
UFC 219: Cyborg vs. Holm,http://www.ufcstats.com/event-details/04076783ca83d6ae,,
UFC Fight Night: Lawler vs. Dos Anjos,http://www.ufcstats.com/event-details/eaa0a728cc91ef60,,
UFC Fight Night: Swanson vs. Ortega,http://www.ufcstats.com/event-details/bcd124bcd3d5be46,,
UFC 218: Holloway vs. Aldo 2,http://www.ufcstats.com/event-details/9e30f69cc0869301,,
The Ultimate Fighter: A New World Champion Finale,http://www.ufcstats.com/event-details/30e8b4505f5ccf92,,
UFC Fight Night: Bisping vs. Gastelum,http://www.ufcstats.com/event-details/e7bc606d269896aa,,
UFC Fight Night: Werdum vs. Tybura,http://www.ufcstats.com/event-details/caced97768818230,,
UFC Fight Night: Poirier vs. Pettis,http://www.ufcstats.com/event-details/d856a0080ac09ed7,,
UFC 217: Bisping vs. St-Pierre,http://www.ufcstats.com/event-details/a25b71fe5e31fa97,,
UFC Fight Night: Brunson vs. Machida,http://www.ufcstats.com/event-details/a7724f51e32e763e,,
UFC Fight Night: Cerrone vs. Till,http://www.ufcstats.com/event-details/d6b68eaf4b68b160,,
UFC 216: Ferguson vs. Lee,http://www.ufcstats.com/event-details/cc5834a495d1ea08,,
UFC Fight Night: Saint Preux vs. Okami,http://www.ufcstats.com/event-details/9211aae062b799d6,,
UFC Fight Night: Rockhold vs. Branch,http://www.ufcstats.com/event-details/1979c80150f630c4,,
UFC 215: Nunes vs Shevchenko 2,http://www.ufcstats.com/event-details/d86e913c548c07c2,,
UFC Fight Night: Volkov vs. Struve,http://www.ufcstats.com/event-details/a3244e3238541482,,
UFC Fight Night: Pettis vs. Moreno,http://www.ufcstats.com/event-details/f4a031ac205ac580,,
UFC 214: Cormier vs. Jones 2,http://www.ufcstats.com/event-details/ff9578cdbfabd323,,
UFC Fight Night: Weidman vs. Gastelum,http://www.ufcstats.com/event-details/9f3d6ddef3d3cccc,,
UFC Fight Night: Nelson vs. Ponzinibbio,http://www.ufcstats.com/event-details/d7907a9a968e4d29,,
UFC 213: Romero vs. Whittaker,http://www.ufcstats.com/event-details/686cccbf1a4de453,,
The Ultimate Fighter: Redemption Finale,http://www.ufcstats.com/event-details/23bd78c3f89bdb54,,
UFC Fight Night: Chiesa vs. Lee,http://www.ufcstats.com/event-details/99bf06f20491cb54,,
UFC Fight Night: Holm vs. Correia,http://www.ufcstats.com/event-details/353de740bb6c7e75,,
UFC Fight Night: Lewis vs. Hunt,http://www.ufcstats.com/event-details/90e7447d8b7f3f35,,
UFC 212: Aldo vs. Holloway,http://www.ufcstats.com/event-details/1507214bbc7a79e2,,
UFC Fight Night: Gustafsson vs. Teixeira,http://www.ufcstats.com/event-details/1c7cce2f5c17160d,,
UFC 211: Miocic vs. Dos Santos,http://www.ufcstats.com/event-details/5df10509264586e5,,
UFC Fight Night: Swanson vs. Lobov,http://www.ufcstats.com/event-details/bc7f7f0ba3db74d2,,
UFC on FOX: Johnson vs. Reis,http://www.ufcstats.com/event-details/ed069a95aaaf4f56,,
UFC 210: Cormier vs. Johnson 2,http://www.ufcstats.com/event-details/e7bfdb5e0112891e,,
UFC Fight Night: Manuwa vs. Anderson,http://www.ufcstats.com/event-details/c0231720fe516994,,
UFC Fight Night: Belfort vs. Gastelum,http://www.ufcstats.com/event-details/47b7e4e60813b7b2,,
UFC 209: Woodley vs. Thompson 2,http://www.ufcstats.com/event-details/20e403a1acfef130,,
UFC Fight Night: Lewis vs. Browne,http://www.ufcstats.com/event-details/b4ad3a06ee4d660c,,
UFC 208: Holm vs. De Randamie,http://www.ufcstats.com/event-details/865aa315ea62c511,,
UFC Fight Night: Bermudez vs. The Korean Zombie,http://www.ufcstats.com/event-details/6a8a06b542e1516d,,
UFC on FOX: Shevchenko vs. Pena,http://www.ufcstats.com/event-details/4512e46543b960ad,,
UFC Fight Night: Rodriguez vs. Penn,http://www.ufcstats.com/event-details/46effbd1135423c5,,
UFC 207: Nunes vs. Rousey,http://www.ufcstats.com/event-details/4b2390cfaceb91d8,,
UFC on FOX: VanZant vs. Waterson,http://www.ufcstats.com/event-details/32541eb5d12668b4,,
UFC 206: Holloway vs. Pettis,http://www.ufcstats.com/event-details/6e3282d57d2467a0,,
UFC Fight Night: Lewis vs. Abdurakhimov,http://www.ufcstats.com/event-details/7139cd2ae4bf6a29,,
The Ultimate Fighter: Tournament of Champions Finale,http://www.ufcstats.com/event-details/bd4389b71fdc0ce2,,
UFC Fight Night: Whittaker vs. Brunson,http://www.ufcstats.com/event-details/73e09f837f3b5ecc,,
UFC Fight Night: Bader vs. Nogueira,http://www.ufcstats.com/event-details/5cde96e0a1a1fffe,,
UFC Fight Night: Mousasi vs. Hall 2,http://www.ufcstats.com/event-details/6810d8d2dd557cf9,,
UFC 205: Alvarez vs McGregor,http://www.ufcstats.com/event-details/4956f60b7fa57c1a,,
UFC Fight Night: Dos Anjos vs. Ferguson,http://www.ufcstats.com/event-details/6083f497c22cc075,,
UFC 204: Bisping vs. Henderson,http://www.ufcstats.com/event-details/154a6b3ffae264cd,,
UFC Fight Night: Lineker vs. Dodson,http://www.ufcstats.com/event-details/a196332ee4aa8a82,,
UFC Fight Night: Cyborg vs. Lansberg,http://www.ufcstats.com/event-details/e18012194473e8b0,,
UFC Fight Night: Poirier vs. Johnson,http://www.ufcstats.com/event-details/d6455cb4bee503ce,,
UFC 203: Miocic vs. Overeem,http://www.ufcstats.com/event-details/2dc7f1762dc0a7ef,,
UFC Fight Night: Arlovski vs. Barnett,http://www.ufcstats.com/event-details/2b4faacc16d66898,,
UFC on FOX: Maia vs. Condit,http://www.ufcstats.com/event-details/cfbccfed4e4796fe,,
UFC 202: Diaz vs. McGregor 2,http://www.ufcstats.com/event-details/5da4e8dc02e50ac0,,
UFC Fight Night: Rodriguez vs. Caceres,http://www.ufcstats.com/event-details/232c582f29f8f65e,,
UFC 201: Lawler vs. Woodley,http://www.ufcstats.com/event-details/72cbe507644a587c,,
UFC on FOX: Holm vs. Shevchenko,http://www.ufcstats.com/event-details/8a028648f3f0761d,,
UFC Fight Night: McDonald vs. Lineker,http://www.ufcstats.com/event-details/5e7a28f20927d64a,,
UFC 200: Tate vs Nunes,http://www.ufcstats.com/event-details/aa5b4eff51bdc7d1,,
The Ultimate Fighter: Team Joanna vs. Team Cláudia Finale,http://www.ufcstats.com/event-details/cd42bbe8887bba90,,
UFC Fight Night: Dos Anjos vs. Alvarez,http://www.ufcstats.com/event-details/45a2ba3ef82b9700,,
UFC Fight Night: MacDonald vs Thompson,http://www.ufcstats.com/event-details/563d051c9e769b24,,
UFC 199: Rockhold vs. Bisping 2,http://www.ufcstats.com/event-details/ff4c3ab594c7fac3,,
UFC Fight Night: Almeida vs Garbrandt,http://www.ufcstats.com/event-details/990060b2a68a7b82,,
UFC 198: Werdum vs Miocic,http://www.ufcstats.com/event-details/a4bf17bd3ba3423b,,
UFC Fight Night: Overeem vs Arlovski,http://www.ufcstats.com/event-details/a314687f372b2cec,,
UFC 197: Jones vs Saint Preux,http://www.ufcstats.com/event-details/3d481aa374c954a1,,
UFC on FOX: Teixeira vs Evans,http://www.ufcstats.com/event-details/e7e970d508529bf3,,
UFC Fight Night: Rothwell vs Dos Santos,http://www.ufcstats.com/event-details/4887e5bc4dbb73ff,,
UFC Fight Night: Hunt vs Mir,http://www.ufcstats.com/event-details/e60201cfab7d656d,,
UFC 196: McGregor vs Diaz,http://www.ufcstats.com/event-details/db1f2ed63b54b9a7,,
UFC Fight Night: Silva vs Bisping,http://www.ufcstats.com/event-details/39c568f8c579913e,,
UFC Fight Night: Cowboy vs Cowboy,http://www.ufcstats.com/event-details/d56bb6dff2ae77eb,,
UFC Fight Night: Hendricks vs Thompson,http://www.ufcstats.com/event-details/de99da2c0d18d34a,,
UFC on FOX: Johnson vs. Bader,http://www.ufcstats.com/event-details/b3fb8d2293e17a59,,
UFC Fight Night: Dillashaw vs Cruz,http://www.ufcstats.com/event-details/c6becb722706c7d8,,
UFC 195: Lawler vs Condit,http://www.ufcstats.com/event-details/380e8b023290d091,,
UFC on FOX: Dos Anjos vs. Cowboy 2,http://www.ufcstats.com/event-details/80d918336163b80c,,
UFC 194: Aldo vs McGregor,http://www.ufcstats.com/event-details/354808cf38d9d73c,,
The Ultimate Fighter: Team McGregor vs. Team Faber Finale,http://www.ufcstats.com/event-details/20fbff570c678e1c,,
UFC Fight Night: Namajunas vs. VanZant,http://www.ufcstats.com/event-details/dd39f1ca787a3d9d,,
UFC Fight Night: Henderson vs Masvidal,http://www.ufcstats.com/event-details/4d636c3aa1105950,,
UFC Fight Night: Magny vs Gastelum,http://www.ufcstats.com/event-details/243b07fc65ccbb16,,
UFC 193: Rousey vs Holm,http://www.ufcstats.com/event-details/8d04923f2db59b7f,,
UFC Fight Night: Belfort vs Henderson 3,http://www.ufcstats.com/event-details/5345f86680378fc1,,
UFC Fight Night: Holohan vs Smolka,http://www.ufcstats.com/event-details/f3155a94ca420126,,
UFC 192: Cormier vs Gustafsson,http://www.ufcstats.com/event-details/119ebea97e914dcf,,
UFC Fight Night: Barnett vs Nelson,http://www.ufcstats.com/event-details/a4dd5c9a75763295,,
UFC 191: Johnson vs Dodson 2,http://www.ufcstats.com/event-details/82f5c81f4e3c3eb5,,
UFC Fight Night: Holloway vs Oliveira,http://www.ufcstats.com/event-details/2ce6541127b0e232,,
UFC Fight Night: Teixeira vs Saint Preux,http://www.ufcstats.com/event-details/b71667c778b6d9e5,,
UFC 190: Rousey vs Correia,http://www.ufcstats.com/event-details/a9c45a8b21eabadc,,
UFC on FOX: Dillashaw vs. Barao II,http://www.ufcstats.com/event-details/0c3838c8f7c620c2,,
UFC Fight Night: Bisping vs Leites,http://www.ufcstats.com/event-details/ef7fa30364cbe7f2,,
UFC Fight Night: Mir vs Duffee,http://www.ufcstats.com/event-details/36877f0e62b25b96,,
The Ultimate Fighter: American Top Team vs. Blackzilians Finale,http://www.ufcstats.com/event-details/a890f9a791ed615d,,
UFC 189: Mendes vs McGregor,http://www.ufcstats.com/event-details/3be081c29bf734d9,,
UFC Fight Night: Machida vs Romero,http://www.ufcstats.com/event-details/86e388ed20761ad9,,
UFC Fight Night: Jedrzejczyk vs Penne,http://www.ufcstats.com/event-details/194fc025f9355db6,,
UFC 188: Velasquez vs Werdum,http://www.ufcstats.com/event-details/a58114c6dd0add64,,
UFC Fight Night: Boetsch vs Henderson,http://www.ufcstats.com/event-details/06dc1a58663579d2,,
UFC Fight Night: Condit vs Alves,http://www.ufcstats.com/event-details/aae0897825336b1a,,
UFC 187: Johnson vs Cormier,http://www.ufcstats.com/event-details/4f7e290e71d60f87,,
UFC Fight Night: Edgar vs Faber,http://www.ufcstats.com/event-details/b1605ea39fba6af6,,
UFC Fight Night: Miocic vs Hunt,http://www.ufcstats.com/event-details/8a1b4330c7957961,,
UFC 186: Johnson vs Horiguchi,http://www.ufcstats.com/event-details/997b4f52f76a0b53,,
UFC on FOX: Machida vs Rockhold,http://www.ufcstats.com/event-details/bc7cf284c1c2f16e,,
UFC Fight Night: Gonzaga vs Cro Cop 2,http://www.ufcstats.com/event-details/5de61b03868035ff,,
UFC Fight Night: Mendes vs Lamas,http://www.ufcstats.com/event-details/16d09e800ad7ec79,,
UFC Fight Night: Maia vs LaFlare,http://www.ufcstats.com/event-details/fa534853eb195270,,
UFC 185: Pettis vs Dos Anjos,http://www.ufcstats.com/event-details/f54200f1dfb9b5d4,,
UFC 184: Rousey vs Zingano,http://www.ufcstats.com/event-details/ad4e9055bf8cd04d,,
UFC Fight Night: Bigfoot vs Mir,http://www.ufcstats.com/event-details/0577808d22dfe79c,,
UFC Fight Night: Henderson vs Thatch,http://www.ufcstats.com/event-details/f9c7fe2682af3802,,
UFC 183: Silva vs Diaz,http://www.ufcstats.com/event-details/43563a32c3f10e95,,
UFC on FOX: Gustafsson vs Johnson,http://www.ufcstats.com/event-details/706404da0775dcbc,,
UFC Fight Night: McGregor vs Siver,http://www.ufcstats.com/event-details/f9aa6376ae16bfb4,,
UFC 182: Jones vs Cormier,http://www.ufcstats.com/event-details/a72d260b436924c4,,
UFC Fight Night: Machida vs Dollaway,http://www.ufcstats.com/event-details/4e5bbc4566049cbf,,
UFC on FOX: Dos Santos vs Miocic,http://www.ufcstats.com/event-details/d4a12dfa4067742f,,
The Ultimate Fighter: A Champion Will Be Crowned Finale,http://www.ufcstats.com/event-details/222d6b547de2e035,,
UFC 181: Hendricks vs Lawler II,http://www.ufcstats.com/event-details/dfdd0c5dd0d4bc23,,
UFC Fight Night: Edgar vs Swanson,http://www.ufcstats.com/event-details/155a02a8b4311057,,
UFC 180: Werdum vs Hunt,http://www.ufcstats.com/event-details/59851163aaf1aed8,,
UFC Fight Night 56: Shogun vs Saint Preux,http://www.ufcstats.com/event-details/6ca68b636fbc1f18,,
UFC Fight Night: Rockhold vs Bisping,http://www.ufcstats.com/event-details/371a1c91b24dec2b,,
UFC 179: Aldo vs Mendes 2,http://www.ufcstats.com/event-details/53f02bbc41d99432,,
UFC Fight Night: MacDonald vs Saffiedine,http://www.ufcstats.com/event-details/0313bf497de9c470,,
UFC Fight Night: Nelson vs Story,http://www.ufcstats.com/event-details/8dc4f34c1f50d00d,,
UFC 178: Johnson vs Cariaso,http://www.ufcstats.com/event-details/3bb030257966b022,,
UFC Fight Night: Hunt vs Nelson,http://www.ufcstats.com/event-details/2dea80c069847321,,
UFC Fight Night: Bigfoot vs Arlovski,http://www.ufcstats.com/event-details/a71feb7ea7592a71,,
UFC Fight Night: Jacare vs Mousasi,http://www.ufcstats.com/event-details/9bcfb40dbcd50568,,
UFC 177: Dillashaw vs Soto,http://www.ufcstats.com/event-details/269d103c96a4c3a5,,
UFC Fight Night: Henderson vs Dos Anjos,http://www.ufcstats.com/event-details/063649e21bc9d6d5,,
UFC Fight Night: Bisping vs Le,http://www.ufcstats.com/event-details/770b9d4813c25902,,
UFC Fight Night: Bader vs Saint Preux,http://www.ufcstats.com/event-details/fd7acf42bd6e7e95,,
UFC on FOX: Lawler vs Brown,http://www.ufcstats.com/event-details/05fbfe628658c538,,
UFC Fight Night: McGregor vs Brandao,http://www.ufcstats.com/event-details/073eee4e62f0d988,,
UFC Fight Night: Cowboy vs Miller,http://www.ufcstats.com/event-details/79ded75550efc139,,
The Ultimate Fighter: Team Edgar vs. Team Penn Finale,http://www.ufcstats.com/event-details/1c5879330d42255f,,
UFC 175: Weidman vs Machida,http://www.ufcstats.com/event-details/53adf5b845d91e4a,,
UFC Fight Night: Swanson vs Stephens,http://www.ufcstats.com/event-details/c0ed7b208197e8de,,
UFC Fight Night: Te Huna vs Marquardt,http://www.ufcstats.com/event-details/ac9521250dc1a14c,,
UFC 174: Johnson vs Bagautinov,http://www.ufcstats.com/event-details/5b5307450405abf0,,
UFC Fight Night: Henderson vs Khabilov,http://www.ufcstats.com/event-details/1fcfc3709fe58151,,
UFC Fight Night: Miocic vs Maldonado,http://www.ufcstats.com/event-details/59aaf2730b84698a,,
UFC Fight Night: Munoz vs Mousasi,http://www.ufcstats.com/event-details/b757c73f443d4fca,,
UFC 173: Barao vs Dillashaw,http://www.ufcstats.com/event-details/9ca265dfe8323db3,,
UFC Fight Night: Brown vs Silva,http://www.ufcstats.com/event-details/579fcdfcabd23a7b,,
UFC 172: Jones vs Teixeira,http://www.ufcstats.com/event-details/4f2fcbefb668689d,,
UFC on FOX: Werdum vs Browne,http://www.ufcstats.com/event-details/a421465acbe59c77,,
UFC Fight Night: Bisping vs Kennedy,http://www.ufcstats.com/event-details/f9f07bb5a43535ed,,
UFC Fight Night: Minotauro vs Nelson,http://www.ufcstats.com/event-details/d632d156c0549e07,,
UFC Fight Night: Shogun vs Henderson 2,http://www.ufcstats.com/event-details/d5f820c11a121050,,
UFC 171: Hendricks vs Lawler,http://www.ufcstats.com/event-details/179f1948dc234f1f,,
UFC Fight Night: Gustafsson vs Manuwa,http://www.ufcstats.com/event-details/ebc1f40e00e0c481,,
UFC Fight Night: Kim vs Hathaway,http://www.ufcstats.com/event-details/a26198ba5093147e,,
UFC 170: Rousey vs McMann,http://www.ufcstats.com/event-details/3138fab619faf4d1,,
UFC Fight Night: Machida vs Mousasi,http://www.ufcstats.com/event-details/51b0bb73a1da34bc,,
UFC 169: Barao vs Faber 2,http://www.ufcstats.com/event-details/fc31f896cde2bc2e,,
UFC on FOX: Henderson vs Thomson,http://www.ufcstats.com/event-details/a8d521d913df4e31,,
UFC Fight Night: Rockhold vs Philippou,http://www.ufcstats.com/event-details/30a09e43f15f1d75,,
UFC Fight Night: Saffiedine vs Lim,http://www.ufcstats.com/event-details/e5c9de15bb58b1c6,,
UFC 168: Weidman vs Silva 2,http://www.ufcstats.com/event-details/83d0de122f2f9664,,
UFC on FOX: Johnson vs. Benavidez 2,http://www.ufcstats.com/event-details/480b702debcb5433,,
UFC Fight Night: Hunt vs Bigfoot,http://www.ufcstats.com/event-details/ee457ef1e1c326c1,,
The Ultimate Fighter: Team Rousey vs. Team Tate Finale,http://www.ufcstats.com/event-details/9a967e8e43dcef63,,
UFC 167: St-Pierre vs Hendricks,http://www.ufcstats.com/event-details/28f3c2258a1d8874,,
UFC Fight Night: Belfort vs Henderson 2,http://www.ufcstats.com/event-details/5d7c18191b8aa432,,
UFC Fight Night: Fight for the Troops 3,http://www.ufcstats.com/event-details/35dc6220b113b7ec,,
UFC Fight Night: Machida vs Munoz,http://www.ufcstats.com/event-details/60884f31ead1609c,,
UFC 166: Velasquez vs Dos Santos 3,http://www.ufcstats.com/event-details/eae4aec1a5a8ff01,,
UFC Fight Night: Maia vs Shields,http://www.ufcstats.com/event-details/43612456979e5d5e,,
UFC 165: Jones vs Gustafsson,http://www.ufcstats.com/event-details/df5a77121ba84a5d,,
UFC Fight Night: Teixeira vs Bader,http://www.ufcstats.com/event-details/b23fca14c7b79935,,
UFC 164: Henderson vs Pettis 2,http://www.ufcstats.com/event-details/980b4e712489098e,,
UFC Fight Night: Condit vs Kampmann 2,http://www.ufcstats.com/event-details/e5c38954c006f15c,,
UFC Fight Night: Shogun vs Sonnen,http://www.ufcstats.com/event-details/cf1a88371c8cb690,,
UFC 163: Aldo vs Jung,http://www.ufcstats.com/event-details/ebc5af72ad5a28cb,,
UFC on FOX: Johnson vs Moraga,http://www.ufcstats.com/event-details/5330fe7e4c3af81c,,
UFC 162: Silva vs Weidman,http://www.ufcstats.com/event-details/e0b74df14f52cd15,,
UFC 161: Evans vs Henderson,http://www.ufcstats.com/event-details/8fd1f27e86661ede,,
UFC on FUEL TV: Nogueira vs. Werdum,http://www.ufcstats.com/event-details/7865707fd684d77b,,
UFC 160: Velasquez vs Silva 2,http://www.ufcstats.com/event-details/3c241737a6069b9f,,
UFC on FX: Belfort vs. Rockhold,http://www.ufcstats.com/event-details/030f08370fd1c2bb,,
UFC 159: Jones vs Sonnen,http://www.ufcstats.com/event-details/ea0ad155451ed1f5,,
UFC on FOX: Henderson vs Melendez,http://www.ufcstats.com/event-details/aa79d5399571068e,,
The Ultimate Fighter: Team Jones vs. Team Sonnen Finale,http://www.ufcstats.com/event-details/ce47f49e5c386a9c,,
UFC on FUEL TV: Mousasi vs Latifi,http://www.ufcstats.com/event-details/6291ac0a3726732f,,
UFC 158: St-Pierre vs Diaz,http://www.ufcstats.com/event-details/f1b2a4365799c48b,,
UFC on FUEL TV: Silva vs. Stann,http://www.ufcstats.com/event-details/83c6c3e0f8bde8ee,,
UFC 157: Rousey vs Carmouche,http://www.ufcstats.com/event-details/09c44b317c98bf96,,
UFC on FUEL TV: Barao vs McDonald,http://www.ufcstats.com/event-details/4679a38cced7c64a,,
UFC 156: Aldo vs Edgar,http://www.ufcstats.com/event-details/601cf40c09090853,,
UFC on FOX: Johnson vs Dodson,http://www.ufcstats.com/event-details/738acab0c6934dd8,,
UFC on FX: Belfort vs Bisping,http://www.ufcstats.com/event-details/56f4b81ec4db61af,,
UFC 155: Dos Santos vs Velasquez II,http://www.ufcstats.com/event-details/c6e6926a81adcd00,,
The Ultimate Fighter: Team Carwin vs. Team Nelson Finale,http://www.ufcstats.com/event-details/c6da1c24fe473418,,
UFC on FX: Sotiropoulos vs Pearson,http://www.ufcstats.com/event-details/e8c170a64dc920ac,,
UFC on FOX: Henderson vs Diaz,http://www.ufcstats.com/event-details/d1e6a6536ee62517,,
UFC 154: St-Pierre vs Condit,http://www.ufcstats.com/event-details/d41937647eae9a34,,
UFC Macao: Franklin vs Le,http://www.ufcstats.com/event-details/319fa1bd3176bded,,
UFC 153: Silva vs Bonnar,http://www.ufcstats.com/event-details/96d173b7f92aa520,,
UFC on FX: Browne vs Bigfoot,http://www.ufcstats.com/event-details/6a0b80a24f22e152,,
UFC on FUEL TV: Struve vs Miocic,http://www.ufcstats.com/event-details/6cbb7661c3258617,,
UFC 152: Jones vs Belfort,http://www.ufcstats.com/event-details/53e533db1b8e9712,,
UFC 150: Henderson vs Edgar II,http://www.ufcstats.com/event-details/3c48019bc387b80c,,
UFC on FOX: Shogun vs Vera,http://www.ufcstats.com/event-details/f62850b3c7480db9,,
UFC 149: Faber vs Barao,http://www.ufcstats.com/event-details/abbc4fc02e0d84b3,,
UFC on FUEL TV: Munoz vs Weidman,http://www.ufcstats.com/event-details/d3b5ad3b15a64a18,,
UFC 148: Silva vs Sonnen 2,http://www.ufcstats.com/event-details/e8efeb9cf33b1941,,
UFC 147: Silva vs Franklin 2,http://www.ufcstats.com/event-details/3da19339ee7051d5,,
UFC on FX: Maynard vs Guida,http://www.ufcstats.com/event-details/505934897b8b4824,,
UFC on FX: Johnson vs McCall,http://www.ufcstats.com/event-details/49590e0508b2c19f,,
The Ultimate Fighter: Live Finale,http://www.ufcstats.com/event-details/96087e90d900f0ef,,
UFC 146: Dos Santos vs Mir,http://www.ufcstats.com/event-details/4985113c0928aa62,,
UFC on FUEL TV: Korean Zombie vs Poirier,http://www.ufcstats.com/event-details/8caca5857ce0e30b,,
UFC on FOX: Diaz vs Miller,http://www.ufcstats.com/event-details/5898357a45a73674,,
UFC 145: Jones vs Evans,http://www.ufcstats.com/event-details/155bfc7ed36622df,,
UFC on FUEL TV: Gustafsson vs Silva,http://www.ufcstats.com/event-details/21f2974fd08085e3,,
UFC on FX: Alves vs Kampmann,http://www.ufcstats.com/event-details/b5ea750025697880,,
UFC 144: Edgar vs Henderson,http://www.ufcstats.com/event-details/8377c5572cb356f3,,
UFC on FUEL TV: Sanchez vs Ellenberger,http://www.ufcstats.com/event-details/0a97691039c4bbfb,,
UFC 143: Diaz vs Condit,http://www.ufcstats.com/event-details/df2cf66d8c0123db,,
UFC on FOX: Evans vs Davis,http://www.ufcstats.com/event-details/c3c23c99477c041b,,
UFC on FX: Guillard vs Miller,http://www.ufcstats.com/event-details/4d74641fac830182,,
UFC 142: Aldo vs Mendes,http://www.ufcstats.com/event-details/18524b46c570730b,,
UFC 141: Lesnar vs Overeem,http://www.ufcstats.com/event-details/91720876db0ee468,,
UFC 140: Jones vs Machida,http://www.ufcstats.com/event-details/6d7886b094b471ac,,
The Ultimate Fighter: Team Bisping vs Team Miller Finale,http://www.ufcstats.com/event-details/1f5f75658551f2d3,,
UFC 139: Shogun vs Henderson,http://www.ufcstats.com/event-details/0ec821423baa26bd,,
UFC on FOX: Velasquez vs Dos Santos,http://www.ufcstats.com/event-details/1c061eb6e29eaa0a,,
UFC 138: Leben vs Munoz,http://www.ufcstats.com/event-details/e780ccc79a209985,,
UFC 137: Penn vs Diaz,http://www.ufcstats.com/event-details/8788beb528894f33,,
UFC 136: Edgar vs Maynard 3,http://www.ufcstats.com/event-details/7d5b12de1625984e,,
UFC Live: Cruz vs Johnson,http://www.ufcstats.com/event-details/44f9c777fed7ca03,,
UFC 135: Jones vs Rampage,http://www.ufcstats.com/event-details/73ef22f25d0f70e2,,
UFC Fight Night: Shields vs Ellenberger,http://www.ufcstats.com/event-details/1ffc38f67785797b,,
UFC 134: Silva vs Okami,http://www.ufcstats.com/event-details/18968f97ad34f15c,,
UFC Live: Hardy vs Lytle,http://www.ufcstats.com/event-details/4c8d6fde2dde07c4,,
UFC 133: Evans vs Ortiz 2,http://www.ufcstats.com/event-details/f1f9e48a0d150757,,
UFC 132: Cruz vs Faber,http://www.ufcstats.com/event-details/83fd97284f4bb4a4,,
UFC Live: Kongo vs Barry,http://www.ufcstats.com/event-details/d023ae89a2a4a41e,,
UFC 131: Dos Santos vs Carwin,http://www.ufcstats.com/event-details/aac5ac38148f0528,,
The Ultimate Fighter: Team Lesnar vs Team dos Santos Finale,http://www.ufcstats.com/event-details/3ba3b5cc94498437,,
UFC 130: Rampage vs Hamill,http://www.ufcstats.com/event-details/b732b326c362fb62,,
UFC 129: St-Pierre vs Shields,http://www.ufcstats.com/event-details/2db7fa8db6bc9632,,
UFC Fight Night: Nogueira vs Davis,http://www.ufcstats.com/event-details/8a59d346dc976a10,,
UFC 128: Shogun vs Jones,http://www.ufcstats.com/event-details/1411c630ba711b64,,
UFC Live: Sanchez vs Kampmann,http://www.ufcstats.com/event-details/a54fc2d6fc224dc3,,
UFC 127: Penn vs Fitch,http://www.ufcstats.com/event-details/88a9bc81271ccd89,,
UFC 126: Silva vs Belfort,http://www.ufcstats.com/event-details/65ddc8a9ac4e8531,,
UFC Fight Night: Fight for the Troops 2,http://www.ufcstats.com/event-details/282fa667ff9c51ed,,
UFC 125: Resolution,http://www.ufcstats.com/event-details/d1152823307d7e7c,,
UFC 124: St-Pierre vs Koscheck 2,http://www.ufcstats.com/event-details/132f860d02953f4c,,
The Ultimate Fighter: Team GSP vs Team Koscheck Finale,http://www.ufcstats.com/event-details/5d7bdab5e03e3216,,
UFC 123: Rampage vs Machida,http://www.ufcstats.com/event-details/dd992d569aaebee6,,
UFC 122: Marquardt vs Okami,http://www.ufcstats.com/event-details/0ff11cc094e887bc,,
UFC 121: Lesnar vs Velasquez,http://www.ufcstats.com/event-details/afdb76fbd86f6d11,,
UFC 120: Bisping vs Akiyama,http://www.ufcstats.com/event-details/d512d9f204059f57,,
UFC 119: Mir vs Cro Cop,http://www.ufcstats.com/event-details/ad32471f01e7b1a5,,
UFC Fight Night: Marquardt vs Palhares,http://www.ufcstats.com/event-details/acff437707625fc7,,
UFC 118: Edgar vs Penn 2,http://www.ufcstats.com/event-details/054defd5420a551f,,
UFC 117: Silva vs Sonnen,http://www.ufcstats.com/event-details/2f3f12002564bb55,,
UFC Live: Jones vs Matyushenko,http://www.ufcstats.com/event-details/f12f979b657ab876,,
UFC 116: Lesnar vs Carwin,http://www.ufcstats.com/event-details/140745cbbcb023ac,,
The Ultimate Fighter: Team Liddell vs Team Ortiz Finale,http://www.ufcstats.com/event-details/9bcf8603ceb25680,,
UFC 115: Liddell vs Franklin,http://www.ufcstats.com/event-details/cfb65863d5099327,,
UFC 114: Rampage vs Evans,http://www.ufcstats.com/event-details/bfc2fc38a0e20211,,
UFC 113: Machida vs Shogun 2,http://www.ufcstats.com/event-details/d0c29452d3272603,,
UFC 112: Invincible,http://www.ufcstats.com/event-details/24b033b3daf1c9df,,
UFC Fight Night: Florian vs Gomi,http://www.ufcstats.com/event-details/3ed134d85dfbd7b4,,
UFC 111: St-Pierre vs Hardy,http://www.ufcstats.com/event-details/c80095f6092271a7,,
UFC Live: Vera vs Jones,http://www.ufcstats.com/event-details/3795fca327cbcf23,,
UFC 110: Nogueira vs Velasquez,http://www.ufcstats.com/event-details/49efbdc6c9f650c4,,
UFC 109: Relentless,http://www.ufcstats.com/event-details/15edcf67ccf5be84,,
UFC Fight Night: Maynard vs Diaz,http://www.ufcstats.com/event-details/58bc81376286b3d3,,
UFC 108: Evans vs Silva,http://www.ufcstats.com/event-details/a6d8bfe9e0c8153b,,
UFC 107: Penn vs Sanchez,http://www.ufcstats.com/event-details/821cd80aab70d5f9,,
The Ultimate Fighter: Heavyweights Finale,http://www.ufcstats.com/event-details/91d73ee59347ac16,,
UFC 106: Ortiz vs Griffin 2,http://www.ufcstats.com/event-details/84a067c46306a737,,
UFC 105: Couture vs Vera,http://www.ufcstats.com/event-details/fa8b9e6b0c2269f8,,
UFC 104: Machida vs Shogun,http://www.ufcstats.com/event-details/7c0847d3854a95f2,,
UFC 103: Franklin vs Belfort,http://www.ufcstats.com/event-details/896c322f56b8be5a,,
UFC Fight Night: Diaz vs Guillard,http://www.ufcstats.com/event-details/a8ea84cbe1655f0a,,
UFC 102: Couture vs Nogueira,http://www.ufcstats.com/event-details/c6a33ff198aaaeeb,,
UFC 101: Declaration,http://www.ufcstats.com/event-details/48d1f690b763934c,,
UFC 100,http://www.ufcstats.com/event-details/0ee783aa00e468f0,,
The Ultimate Fighter: United States vs. United Kingdom Finale,http://www.ufcstats.com/event-details/4908c5ee68a50ee5,,
UFC 99: The Comeback,http://www.ufcstats.com/event-details/cb6783c39c01d896,,
UFC 98: Evans vs Machida,http://www.ufcstats.com/event-details/c4b6099f0d25f75e,,
UFC 97: Redemption,http://www.ufcstats.com/event-details/1652f3213655b935,,
UFC Fight Night: Condit vs Kampmann,http://www.ufcstats.com/event-details/04d5718ed2661e8c,,
UFC 96: Jackson vs Jardine,http://www.ufcstats.com/event-details/29b5791e51e7e832,,
UFC 95: Sanchez vs Stevenson,http://www.ufcstats.com/event-details/7d21de9c6d7c98b2,,
UFC Fight Night: Lauzon vs Stephens,http://www.ufcstats.com/event-details/d1759b2b7be9be56,,
UFC 94: St-Pierre vs Penn 2,http://www.ufcstats.com/event-details/2a542ee8a8b83559,,
UFC 93: Franklin vs Henderson,http://www.ufcstats.com/event-details/68c6cd5287b473a7,,
UFC 92: The Ultimate 2008,http://www.ufcstats.com/event-details/23ab42947c1990e3,,
The Ultimate Fighter: Team Nogueira vs. Team Mir Finale,http://www.ufcstats.com/event-details/ea398c802d9998ee,,
UFC Fight Night - Fight for the Troops,http://www.ufcstats.com/event-details/30cd319d39ee689b,,
UFC 91: Couture vs Lesnar,http://www.ufcstats.com/event-details/a2b06ca02bca14c0,,
UFC 90: Silva vs Cote,http://www.ufcstats.com/event-details/c670aa48827d6be6,,
UFC 89: Bisping vs Leben,http://www.ufcstats.com/event-details/312f47c3d2f83ffa,,
UFC Fight Night: Diaz vs Neer,http://www.ufcstats.com/event-details/279093302a6f44b3,,
UFC 88: Breakthrough,http://www.ufcstats.com/event-details/0db70ca89e1c7374,,
UFC 87: Seek And Destroy,http://www.ufcstats.com/event-details/19ffeb5e3fffd6d5,,
UFC: Silva vs Irvin,http://www.ufcstats.com/event-details/46f11d15c0134fe3,,
UFC 86: Jackson vs Griffin,http://www.ufcstats.com/event-details/bf12aca029bfcc47,,
The Ultimate Fighter: Team Rampage vs Team Forrest Finale,http://www.ufcstats.com/event-details/2299605af59fd309,,
UFC 85: Bedlam,http://www.ufcstats.com/event-details/2efbc83a6b9b7f86,,
UFC 84: Ill Will,http://www.ufcstats.com/event-details/2549d63da9c456cb,,
UFC 83: Serra vs St-Pierre 2,http://www.ufcstats.com/event-details/ad047e3073a775f3,,
UFC Fight Night: Florian vs Lauzon,http://www.ufcstats.com/event-details/b9e871af730f826c,,
UFC 82: Pride of a Champion,http://www.ufcstats.com/event-details/598a58db87b890ee,,
UFC 81: Breaking Point,http://www.ufcstats.com/event-details/597db668b01c442c,,
UFC Fight Night: Swick vs Burkman,http://www.ufcstats.com/event-details/33e33d51f289d2a1,,
UFC 80: Rapid Fire,http://www.ufcstats.com/event-details/a24e080000fa7a35,,
UFC 79: Nemesis,http://www.ufcstats.com/event-details/7269329bd87eb479,,
The Ultimate Fighter: Team Hughes vs. Team Serra Finale,http://www.ufcstats.com/event-details/df85d6ec3493d120,,
UFC 78: Validation,http://www.ufcstats.com/event-details/1d147d4163a6989b,,
UFC 77: Hostile Territory,http://www.ufcstats.com/event-details/91181b29be041f1c,,
UFC 76: Knockout,http://www.ufcstats.com/event-details/bad28b7b34f334de,,
UFC Fight Night: Thomas vs Florian,http://www.ufcstats.com/event-details/f341f9551ba744e2,,
UFC 75: Champion vs Champion,http://www.ufcstats.com/event-details/0aa92558424ced9e,,
UFC 74: Respect,http://www.ufcstats.com/event-details/a5c53b3ddb31cc7d,,
UFC 73: Stacked,http://www.ufcstats.com/event-details/2a6f8136da1e52c0,,
The Ultimate Fighter: Team Pulver vs. Team Penn Finale,http://www.ufcstats.com/event-details/e7ec11096eac0282,,
UFC 72: Victory,http://www.ufcstats.com/event-details/5ca158b1cc9cb242,,
UFC Fight Night: Stout vs Fisher,http://www.ufcstats.com/event-details/304fcd812f12c589,,
UFC 71: Liddell vs Jackson,http://www.ufcstats.com/event-details/2e04a3b4a2011b97,,
UFC 70: Nations Collide,http://www.ufcstats.com/event-details/4604ab1de9058474,,
UFC 69: Shootout,http://www.ufcstats.com/event-details/c1684f00c626f4c0,,
UFC Fight Night: Stevenson vs Guillard,http://www.ufcstats.com/event-details/a6c2f5381d575920,,
UFC 68: The Uprising,http://www.ufcstats.com/event-details/de3ed2e152520c8d,,
UFC 67: All or Nothing,http://www.ufcstats.com/event-details/63b65af1c5cb02cb,,
UFC Fight Night: Evans vs Salmon,http://www.ufcstats.com/event-details/13c4313ed0f744f3,,
UFC 66: Liddell vs Ortiz 2,http://www.ufcstats.com/event-details/ee5df903f80c6816,,
UFC Fight Night: Sanchez vs Riggs,http://www.ufcstats.com/event-details/21b8a0f5c231096f,,
UFC 65: Bad Intentions,http://www.ufcstats.com/event-details/3fed746acfd026dd,,
The Ultimate Fighter: The Comeback Finale,http://www.ufcstats.com/event-details/baf942f4bcb09894,,
UFC 64: Unstoppable,http://www.ufcstats.com/event-details/13b2f59210dda9cc,,
Ortiz vs Shamrock 3: The Final Chapter,http://www.ufcstats.com/event-details/577ec7e108b94be3,,
UFC 63: Hughes vs Penn,http://www.ufcstats.com/event-details/13e62d766b709aa6,,
UFC 62: Liddell vs Sobral,http://www.ufcstats.com/event-details/f717b6002486f73f,,
UFC Fight Night 6,http://www.ufcstats.com/event-details/46c8ec317aff28ac,,
UFC 61: Bitter Rivals,http://www.ufcstats.com/event-details/f70144caea5c4c80,,
UFC Fight Night 5,http://www.ufcstats.com/event-details/445a98acb8985970,,
The Ultimate Fighter: Team Ortiz vs. Team Shamrock Finale,http://www.ufcstats.com/event-details/1dab0d1d81dd06db,,
UFC 60: Hughes vs Gracie,http://www.ufcstats.com/event-details/a54a35a670d8e852,,
UFC 59: Reality Check,http://www.ufcstats.com/event-details/03688dc3c3af3ac1,,
UFC Fight Night 4,http://www.ufcstats.com/event-details/b361180739bed4b0,,
UFC 58: USA vs Canada,http://www.ufcstats.com/event-details/0e9869d712e81f8f,,
UFC 57: Liddell vs Couture 3,http://www.ufcstats.com/event-details/977081bc01197656,,
UFC Fight Night 3,http://www.ufcstats.com/event-details/2ee09ec2a0695eb9,,
UFC 56: Full Force,http://www.ufcstats.com/event-details/c7e9d15cfce52f1d,,
The Ultimate Fighter: Team Hughes vs. Team Franklin Finale,http://www.ufcstats.com/event-details/31ceaf0e670c1578,,
UFC 55: Fury,http://www.ufcstats.com/event-details/271fe91f4ba9d2c5,,
UFC Fight Night 2,http://www.ufcstats.com/event-details/efaf544314bb5c2e,,
UFC 54: Boiling Point,http://www.ufcstats.com/event-details/669a3cb6e394f515,,
UFC Fight Night 1,http://www.ufcstats.com/event-details/3f24c96753dbd9f9,,
UFC 53: Heavy Hitters,http://www.ufcstats.com/event-details/d3711d3784b76255,,
UFC 52: Couture vs Liddell 2,http://www.ufcstats.com/event-details/c933d423ebdbbbdb,,
The Ultimate Fighter: Team Couture vs. Team Liddell Finale,http://www.ufcstats.com/event-details/fbbde91f7bc2d3c5,,
UFC 51: Super Saturday,http://www.ufcstats.com/event-details/85d905f7c4f5a1af,,
UFC 50: The War Of '04,http://www.ufcstats.com/event-details/ce783bf73b5131f9,,
UFC 49: Unfinished Business,http://www.ufcstats.com/event-details/b4bc2e3353a770b5,,
UFC 48: Payback,http://www.ufcstats.com/event-details/429e7d3725852ce9,,
UFC 47: It's On!,http://www.ufcstats.com/event-details/e8fb8e53bc2e29d6,,
UFC 46: Supernatural,http://www.ufcstats.com/event-details/94609dd91731d428,,
UFC 45: Revolution,http://www.ufcstats.com/event-details/e670f8cc2969a789,,
UFC 44: Undisputed,http://www.ufcstats.com/event-details/c61f66d8c3fd5f07,,
UFC 43: Meltdown,http://www.ufcstats.com/event-details/108afe61a26bcbf4,,
UFC 42: Sudden Impact,http://www.ufcstats.com/event-details/ae58685caf8e4a0d,,
UFC 41: Onslaught,http://www.ufcstats.com/event-details/bba678d312590087,,
UFC 40: Vendetta,http://www.ufcstats.com/event-details/e06fd1260ac865a7,,
UFC 39: The Warriors Return,http://www.ufcstats.com/event-details/0cf935519d439ba6,,
UFC 38: Brawl at the Hall,http://www.ufcstats.com/event-details/1dc56b59cb28425d,,
UFC 37.5: As Real As It Gets,http://www.ufcstats.com/event-details/9ccdd2ce45903f34,,
UFC 37: High Impact,http://www.ufcstats.com/event-details/9fd1f08dd4aec14a,,
UFC 36: Worlds Collide,http://www.ufcstats.com/event-details/02fc8f50f56eb307,,
UFC 35: Throwdown,http://www.ufcstats.com/event-details/946f341df6472ee0,,
UFC 34: High Voltage,http://www.ufcstats.com/event-details/4dc496aa0cfc0d95,,
UFC 33: Victory in Vegas,http://www.ufcstats.com/event-details/c75b99887c8c3f5a,,
UFC 32: Showdown in the Meadowlands,http://www.ufcstats.com/event-details/7b9aa973e5c04624,,
UFC 31: Locked and Loaded,http://www.ufcstats.com/event-details/20bd6c3e03c46ee6,,
UFC 30: Battle on the Boardwalk,http://www.ufcstats.com/event-details/2b1587a3376ab743,,
UFC 29: Defense of the Belts,http://www.ufcstats.com/event-details/08ae5cd9aef7ddd3,,
UFC 28: High Stakes,http://www.ufcstats.com/event-details/da6dfd09cca1d705,,
UFC 27: Ultimate Bad Boyz,http://www.ufcstats.com/event-details/31652c9267606d54,,
UFC 26: Ultimate Field Of Dreams,http://www.ufcstats.com/event-details/cedfdf8d423d500c,,
UFC 25: Ultimate Japan 3,http://www.ufcstats.com/event-details/d2b1c1317a39f6c6,,
UFC 24: First Defense,http://www.ufcstats.com/event-details/20ec0061400178ca,,
UFC 23: Ultimate Japan 2,http://www.ufcstats.com/event-details/a8fa0c4e95512806,,
UFC 22: Only One Can be Champion,http://www.ufcstats.com/event-details/afaad7d6a581e307,,
UFC 21: Return of the Champions,http://www.ufcstats.com/event-details/1a1a4d7a29041d77,,
UFC 20: Battle for the Gold,http://www.ufcstats.com/event-details/a7b48e18ca27795d,,
UFC 19: Ultimate Young Guns,http://www.ufcstats.com/event-details/a220be6d41d6f97d,,
UFC 18: The Road to the Heavyweight Title,http://www.ufcstats.com/event-details/c9bbf1a0285a8076,,
UFC - Ultimate Brazil,http://www.ufcstats.com/event-details/32a3025d5db456ae,,
UFC 17: Redemption,http://www.ufcstats.com/event-details/4a01dc8376736ef5,,
UFC 16: Battle in the Bayou,http://www.ufcstats.com/event-details/749685d24e2cac50,,
UFC - Ultimate Japan,http://www.ufcstats.com/event-details/29f935654825331b,,
UFC 15: Collision Course,http://www.ufcstats.com/event-details/07a18ae55dfc3cd9,,
UFC 14: Showdown,http://www.ufcstats.com/event-details/dc950d59dc590aca,,
UFC 13: The Ultimate Force,http://www.ufcstats.com/event-details/5bd533d50c8e7b8a,,
UFC 12: Judgement Day,http://www.ufcstats.com/event-details/96eff1a628adcc7f,,
UFC - Ultimate Ultimate '96,http://www.ufcstats.com/event-details/9b5b5a75523728f3,,
UFC 11: The Proving Ground,http://www.ufcstats.com/event-details/6ceff86fae4f6b3b,,
UFC 10: The Tournament,http://www.ufcstats.com/event-details/aee8eecfc4bfb1e7,,
UFC 9: Motor City Madness,http://www.ufcstats.com/event-details/a390eb8a9b2df298,,
UFC 8: David vs Goliath,http://www.ufcstats.com/event-details/b63e800c18e011b5,,
UFC - Ultimate Ultimate '95,http://www.ufcstats.com/event-details/31bbd46d57dfbcb7,,
UFC 7: The Brawl in Buffalo,http://www.ufcstats.com/event-details/5af480a3b2e1726b,,
UFC 6: Clash of the Titans,http://www.ufcstats.com/event-details/1c3f5e85b59ec710,,
UFC 5: The Return of the Beast,http://www.ufcstats.com/event-details/dedc3bb440d09554,,
UFC 4: Revenge of the Warriors,http://www.ufcstats.com/event-details/b60391da771deefe,,
UFC 3: The American Dream,http://www.ufcstats.com/event-details/1a49e0670dfaca31,,
UFC 2: No Way Out,http://www.ufcstats.com/event-details/a6a9ab5a824e8f66,,
